"Вопрос","Ответ"
"Зачем две зоны?","Чтобы отказ одного веб-сервера или зоны не остановил весь веб-слой. Сам тест диплома проверяет отказ nginx, а не потерю зоны."
"Что делает ALB?","Принимает HTTP-запрос и направляет его здоровому backend."
"Что проверяет health check?","Ответ на HTTP GET / с порта 80; отсутствие ответа исключает backend из обслуживания."
"Зачем bastion?","Это контролируемая точка SSH-входа к приватным ВМ."
"Почему web без публичного IP?","Пользователи входят через ALB, администратор через bastion, обновления выходят через NAT."
"Что делает NAT?","Позволяет приватной машине устанавливать исходящие соединения с Интернетом."
"Что делает security group?","Фильтрует соединения по протоколу, порту и источнику."
"Чем Terraform отличается от Ansible?","Terraform создаёт облачные ресурсы; Ansible устанавливает и настраивает сервисы внутри ВМ."
"Что хранит Terraform state?","Соответствие ресурсов кода реальным объектам облака и их атрибуты; файл нужно защищать."
"Почему inventory содержит FQDN?","Это требование задания и удобный способ разрешать внутренние адреса через DNS."
"Где хранится приватный SSH-ключ?","У оператора или в защищённом домашнем каталоге bastion; в Git только шаблоны и публичные ключи при необходимости."
"Что такое USE?","Utilization, Saturation, Errors: использование ресурса, очередь и ошибки."
"Почему CPU load не равен CPU percent?","Load включает задачи, ожидающие CPU и некоторые виды I/O; процент измеряет занятость процессора."
"Почему занятая RAM не всегда проблема?","Linux использует память под освобождаемый файловый кеш; смотреть нужно и available, swap, очереди и ошибки."
"Зачем пороговая линия?","Показывает границу, с которой можно сравнить реальное значение; сама линия не заменяет trigger."
"Чем счётчик отличается от скорости?","Счётчик растёт накопительно; скорость — разница счётчиков, делённая на время."
"Что делает Zabbix agent?","Получает значения на ВМ и отдаёт серверу мониторинга."
"Что означает unsupported item?","Zabbix не может вычислить или получить значение; нулевое значение и ошибка — разные состояния."
"Что делает Filebeat?","Читает новые строки журналов, хранит позиции чтения и отправляет события в Elasticsearch."
"Что делает Elasticsearch?","Индексирует события и выполняет поиск и агрегации."
"Что делает Kibana?","Даёт веб-интерфейс поиска и визуализации данных Elasticsearch."
"Почему поле service вызвало ошибку?","В ECS service — объект; строка конфликтовала с mapping. Правильное поле — service.name."
"Что такое data view?","Описание набора индексов и временного поля для интерфейса Kibana."
"Снимок равен дампу PostgreSQL?","Нет. Снимок диска с работающей БД не гарантирует прикладную согласованность нескольких объектов."
"Что такое RPO?","Допустимый объём потери данных, выраженный временем."
"Что такое RTO?","Допустимое время восстановления сервиса."
"Как проверили снимок?","Создали диск из снимка, смонтировали ro,noload и сравнили SHA-256 файла сайта."
"Что доказал тест nginx?","После исключения остановленного backend оставшийся сервер отвечал HTTP 200."
"Что не доказал тест снимка?","Полное восстановление приложения и согласованность PostgreSQL ещё требуют отдельного теста."
"Когда прекращается облачная оплата?","После удаления соответствующих платных ресурсов; остановка ВМ не удаляет её диски и снимки."
